name,email,year,month,day
Test,test@email.com,1961,12,21
alex,aa@gmail.com,1984,25,12
ivan,aiv@gmail.com,1983,5,6
ivan,aiv@gmail.com,1983,6,4
ivan,aiv@gmail.com,1983,5,7
ivan,aiv@gmail.com,1983,15,4
ivan,aiv@gmail.com,1983,15,7
ivan,aiv@gmail.com,1983,15,7
ivan,aiv@gmail.com,1983,15,7
ivan,aiv@gmail.com,1983,6,7
ivan,aiv@gmail.com,1983,15,7
ivan,aiv@gmail.com,1983,15,7
ivan,aiv@gmail.com,1983,15,7
ivan,aiv@gmail.com,1983,15,7
ivan,aiv@gmail.com,1983,15,7
ivan,aiv@gmail.com,1983,15,7
ivan,aiv@gmail.com,1983,15,7
ivan,aiv@gmail.com,1983,15,7
ivan,aiv@gmail.com,1983,15,7
ivan,aiv@gmail.com,1983,15,7
ivan,aiv@gmail.com,1983,15,7
ivan,aiv@gmail.com,1983,15,7
ivan,aiv@gmail.com,1983,15,7
ivan,aiv@gmail.com,1983,15,7
ivan,aiv@gmail.com,1983,15,7
ivan,aiv@gmail.com,1983,15,7
